"Author","Date","Text","Class"
"Julius NM","2013-11-07T06:20:48","Huh, anyway check out this you[tube] channel: kobyoshi02","spam"
"adam riyati","2013-11-07T12:37:15","Hey guys check out my new channel and our first vid THIS IS US THE  MONKEYS!!! I'm the monkey in the white shirt,please leave a like comment  and please subscribe!!!!","spam"
"Evgeny Murashkin","2013-11-08T17:34:21","just for test I have to say murdev.com","spam"
"ElNino Melendez","2013-11-09T08:28:43","me shaking my sexy ass on my channel enjoy ^_^ ?","spam"
"GsMega","2013-11-10T16:05:38","watch?v=vtaRGgvGtWQ   Check this out .?","spam"
"Jason Haddad","2013-11-26T02:55:11","Hey, check out my new website!! This site is about kids stuff. kidsmediausa  . com","spam"
"ferleck ferles","2013-11-27T21:39:24","Subscribe to my channel ?","spam"
"Bob Kanowski","2013-11-28T12:33:27","i turned it on mute as soon is i came on i just wanted to check the  views...?","ham"
"Cony","2013-11-28T16:01:47","You should check my channel for Funny VIDEOS!!?","spam"
"BeBe Burkey","2013-11-28T16:30:13","and u should.d check my channel and tell me what I should do next!?","spam"
"Huckyduck","2013-11-28T17:06:17","Hey subscribe to me?","spam"
"Lone Twistt","2013-11-28T17:34:55"," Once you have started reading do not stop. If you do not subscribe to me  within one day you and you're entire family will die so if you want to stay  alive subscribe right now.?","spam"
"Archie Lewis","2013-11-28T17:54:39","https://twitter.com/GBphotographyGB?","spam"
"TheUploadaddict","2013-11-28T18:12:12","subscribe like comment?","spam"
"Francisco Nora","2013-11-28T19:52:35","please like :D https://premium.easypromosapp.com/voteme/19924/616375350?","spam"
"Gaming and Stuff PRO","2013-11-28T21:14:13","Hello! Do you like gaming, art videos, scientific experiments, tutorials,  lyrics videos, and much, much more of that? If you do please check out our  channel and subscribe to it, we've just started, but soon we hope we will  be able to cover all of our expectations... You can also check out what  we've got so far!?","spam"
"Zielimeek21","2013-11-28T21:49:00","I'm only checking the views?","ham"
"OutrightIgnite","2013-11-28T21:55:02","http://www.ebay.com/itm/171183229277?ssPageName=STRK:MESELX:IT&amp;_trksid=p3984.m1555.l2649 ?","spam"
"Tony K Frazier","2013-11-28T23:57:13","http://ubuntuone.com/40beUutVu2ZKxK4uTgPZ8K?","spam"
"Jose Renteria","2013-11-29T00:22:01","We are an EDM apparel company dedicated to bringing you music inspired  designs. Our clothing is perfect for any rave or music festival. We have  NEON crop tops, tank tops, t-shirts, v-necks and accessories! follow us on  Facebook or on instagraml for free giveaways news and more!! visit our site  at OnCueApparel?","spam"
"zhichao wang","2013-11-29T02:13:56","i think about 100 millions of the views come from people who only wanted to  check the views?","ham"
"Carlos Thegamer","2013-12-01T01:20:21","subscribe to my channel people :D?","spam"
"OutrightIgnite","2013-12-01T03:30:55","Show your AUBURN PRIDE HERE: http://www.teespring.com/tigermeathoodie?","spam"
"Owen Lai","2013-12-01T04:51:52","just checking the views?","ham"
"||GuitarZ||","2013-12-23T12:54:38","CHECK OUT MY CHANNEL","spam"
"Living4Techno","2013-12-25T19:46:26","marketglory . com/strategygame/andrijamatf earn real money from game","spam"
"8-BitMusic","2013-12-27T23:07:50","Hey guys! Im a 12 yr old music producer. I make chiptunes and 8bit music.  It would be wonderful if you checked out some of my 8bit remixes! I even  have a gangnamstyle 8bit remix if you would like to check that out ;)  Thanks!!","spam"
"Kyle Jaber","2014-01-19T00:21:29","Check me out! I'm kyle. I rap so yeah ?","spam"
"Brandon Pryor","2014-01-19T00:36:25","I dont even watch it anymore i just come here to check on 2 Billion or not?","ham"
"Fun&amp;Hacks","2014-01-19T00:42:35","Subscribe to me for free Android games, apps.. ?","spam"
"Young Hittaz","2014-01-19T04:21:11","everyone please come check our newest song in memories of Martin Luther  King Jr.?","spam"
"DropShotSk8r","2014-01-19T04:27:18","Came here to check the views, goodbye.?","ham"
"ElepticRage","2014-01-19T08:55:53","sub my channel for no reason -_-?","spam"
"Joengz","2014-01-19T10:31:10","Check out my dubstep song Fireball, made with Fruity Loops. I really took  time in it.  /watch?v=telOA6RIO8o?","spam"
"Tasha Lucius","2014-01-19T13:25:56","2 billion....Coming soon?","ham"
"Jason Provencal","2014-01-19T16:15:54","Why dafuq is a Korean song so big in the USA. Does that mean we support  Koreans? Last time I checked they wanted to bomb us. ?","ham"
"Kiddy Kidso","2014-01-19T16:49:52","Check my channel please! And listen to the best music ever :P?","spam"
"HamzaMurt | Advanced Warefare | Lets Play!","2014-01-19T17:20:58","SUB 4 SUB PLEASE LIKE THIS COMMENT I WANT A SUCCESFULL YOUTUBE SO PPLEASE LIKE THIS  COMMENT AND SUBSCRIBE IT ONLY TAKES 10 SECONDS PLEASE IF YOU SUBSCRIBE ILL  SUBSCRIBE BACK THANKS?","spam"
"ii Trollercopter","2014-01-19T17:25:23"," Hey everyone!! I have just started my first YT channel i would be grateful  if some of you peoples could check out my first clip in BF4! and give me  some advice on how my video was and how i could improve it. ALSO be sure to  go check out the about to see what Im all about. Thanks for your time :) .  and to haters... You Hate, I WIN?","spam"
"Eugene Kalinin","2014-01-19T19:21:04","The projects After Effects, Music, Foto, Web sites and another you can find  and buy here  http://audiojungle.net/user/EugeneKalinin/portfolio?ref=EugeneKalinin?","spam"
"Cody Tolleson","2014-01-20T02:50:44","YouTube/codytolleson for awesome videos I'll subscribe back ?","spam"
"cake cat","2014-01-20T04:45:34","if you like roblox minecraft world of warcraft gta5 mario suscribe to my  channel?","spam"
"World327RS","2014-01-20T06:16:28","SUBSCRIBE TO ME AND I'LL SUBSCRIBE TO YOU! (Must like - cZFcxsn0jnQ) ?","spam"
"Didier Drogba","2014-01-20T06:57:25","http://www.twitch.tv/jaroadc come follow and watch my stream!?","spam"
"MFkin PRXPHETZ","2014-01-20T09:08:39","if you like raw talent, raw lyrics, straight real hip hop Everyone check my newest sound  Dizzy X - Got the Juice (Prod by. Drugs the Model Citizen)   COMMENT TELL ME WHAT YOU THINK  DONT BE LAZY!!!!  - 1/7 Prophetz?","spam"
"Dave X","2014-01-20T10:12:07","....subscribe......  ......to my........  .....channel.......?","spam"
"crestpee","2014-01-20T13:03:12","now its 1,884,034,783 views! pls. comment the view count the next hour :P?","ham"
"Leonardo Baptista","2014-01-20T15:10:27","http://www.avaaz.org/po/petition/Youtube_Corporation_Fox_Broadcasting_Company_Anular_os_strikes_no_Canal_Nostalgia/?cXPZpgb ?","spam"
"Phuc Ly","2014-01-20T15:27:47","go here to check the views :3?","ham"
"Milan George","2014-01-20T16:15:09","thumbs up if u checked this video to see hw views it got?","ham"
"Kirsty Brown","2014-01-20T16:41:27","Plz subscribe to my channel and I will subscribe back xx?","spam"
"Kochos","2014-01-20T17:08:37","i check back often to help reach 2x10^9 views and I avoid watching Baby?","ham"
"eSkiip","2014-01-20T17:22:53","This video will get to 2 billion just because of people checking if it has  hit 2 billion yet.?","ham"
"Wumrogue lite","2014-01-20T17:29:52","https://www.facebook.com/pages/Brew-Crew-2014/134470083389909 Like this  facebook-page! Chance to win an Iphone 5S!?","spam"
"Artsi","2014-01-20T18:52:12","Pls follow this channel!! http://www.twitch.tv/sevadus?","spam"
"ProsGamerOnly","2014-01-20T20:00:55","hi guys check my youtube channel?","spam"
"JP Jochem","2014-01-20T20:23:35","Subscribe and like to me for more how to videos on minecraft!?","spam"
"BaconBro HD","2014-01-20T21:11:52","Subscribe ME!?","spam"
"Eanna Cusack","2014-01-20T22:20:59","Im just to check how much views it has?","ham"
"fastestghost","2014-01-21T02:09:22","The first comment is chuck norrus ovbiously :D?","ham"
"StuntmanGaming","2014-01-21T02:29:43","Behold the most viewed youtube video in the history of ever?","ham"
"Master Chief","2014-01-21T03:16:46","when is this gonna hit 2 billion??","ham"
"David Bell","2014-01-21T03:18:31","the most viewed youtube video of all time??","ham"
"virgie natividad","2014-01-21T07:33:30","969,210 dislikes like dislike themselves?","ham"
"asd ad","2014-01-21T08:22:06","psy=korean?","ham"
"Dymetex","2014-01-21T09:03:36","OMG this oldspice spraytan party commercial omg....i'm sitting here NO  this isn't a real thing is it? OMG ?","ham"
"MrTuizentfloot","2014-01-21T13:39:13","This is the only video on youtube that get so much views just because we  want to see how much views it has. 1.000.000 every day, I mean, Most people  think a video is popular when it actually gets 1.000.000 views.?","ham"
"OREOGAM3R","2014-01-25T19:36:25","It's been back for quite a while now.","ham"
"LEONARDO CAETANO","2014-01-27T19:36:00","2 Billions in 2014","ham"
"fab life","2014-11-02T00:48:57","plz check out fablife / welcome to fablife for diys and challenges so plz  subscribe thx!?","spam"
"Oh 1080s","2014-11-02T01:08:10","Sub my channel!?","spam"
"Ariel Baptista","2014-11-02T05:06:46","http://www.ebay.com/itm/131338190916?ssPageName=STRK:MESELX:IT&amp;_trksid=p3984.m1555.l2649 ?","spam"
"Stefano Albanese","2014-11-02T12:04:36","http://www.guardalo.org/best-of-funny-cats-gatti-pazzi-e-divertenti-2013-5287/100000415527985/ ?","spam"
"Salim Tayara","2014-11-02T14:33:30","if your like drones, plz subscribe to Kamal Tayara. He takes videos with  his drone that are absolutely beautiful.?","spam"
"Lucky D.","2014-11-02T14:53:06","http://hackfbaccountlive.com/?ref=4604617?","spam"
"Lucas Trigo","2014-11-02T15:52:22","WHATS UP EVERYONE!? :-) I Trying To Showcase My Talent To The World! I Have Over 3000 SUBSCRIBERS! I PROMISE! I Dont Suck! Please Spread My Covers Around, SUBSCRIBE &amp; Share! Thanks so much for all your support! Lucas Trigo -Stay Awesome! ?","spam"
"TheHariiiii","2014-11-02T16:17:11","-----&gt;&gt;&gt;&gt;  https://www.facebook.com/video.php?v=10200253113705769&amp;set=vb.201470069872822&amp;type=3&amp;permPage=1  &lt;--------?","spam"
"Angel","2014-11-02T17:27:09","Hi there~I'm group leader of Angel, a rookie Korean pop group. We have four  members, Chanicka, Julie, Stephanie, and myself, Leah. Please feel free to  check out our channel and leave some feedback on our cover videos (:  criticism is welcome as we know we're not top notch singers so please come  leave some constructive feedback on our videos; we appreciate any chance to  improve before auditioning for a Korean management company. We plan on  auditioning for JYP, BigHit, Jellyfish, YG or SM. Thank you for taking time  out of your day to read this !?","spam"
"Squir3","2014-11-02T18:34:03","http://woobox.com/33gxrf/brt0u5 FREE CS GO!!!!?","spam"
"Kaya Roberts","2014-11-02T20:00:37","Admit it you just came here to check the number of viewers ?","ham"
"Prim N.","2014-11-02T22:48:21","Just coming to check if people are still viewing this video. And  apparently, they still do.?","ham"
"James Ridge","2014-11-02T23:25:44","Check my first video out?","spam"
"Minecraft-Viasat","2014-11-03T14:38:53","Check my channel?","spam"
"Alessio Siri","2014-11-03T16:43:36","PSY - GANGNAM STYLE (?????) M/V: http://youtu.be/9bZkp7q19f0?","ham"
"Backup Plus","2014-11-03T17:39:07","Suscribe My Channel Please XD lol?","spam"
"Almighty Toffeebomb","2014-11-03T19:09:40","Wow. Comments section on this still active. Not bad. Also 5277478 comments.  (Now 79)?","ham"
"NstyIC Gold","2014-11-03T20:41:23","Ching Ching ling long ding ring yaaaaaa Ganga sty FUCK YOU.?","ham"
"Никита Безухов","2014-11-03T21:38:17","https://www.indiegogo.com/projects/cleaning-the-pan--2    please halp me  with my project?","spam"
"Михаил Панкратов","2014-11-03T22:22:14","There is one video on my channel about my brother...?","spam"
"Angek95","2014-11-03T22:28:56","Check my channel, please!?","spam"
"Arianna Leighton","2014-11-03T23:02:47","Does anyone here use gift cards like Amazon, itunes, psn, google play,  itunes, or any other gift cards? Then you'll be happy to know you can get  free gift card codes for free from an amazing site. Here is a $50 itunes  gift card code XXBB5TCZHM39HVZD?","spam"
"richardex8","2014-11-03T23:03:03","Why does this video have so many views? Because asian things are awesome and non-asian countries are jelly so they  try to learn from asia by looking at this video d:?","ham"
"Олег Пась","2014-11-03T23:29:00","Plizz withing my channel ?","spam"
"Crooked Gaming","2014-11-04T00:00:57","I made a gaming channel (Unique right?) :L Angry Minecraft!?","spam"
"Monwar Sarkar","2014-11-04T00:18:07","Please help me go here http://www.gofundme.com/littlebrother?","spam"
"Jack ToadROXMK","2014-11-04T02:00:14","Anybody who subscribes to me will get 10 subscribers?","spam"
"roflcopter2110","2014-11-04T02:22:06","http://thepiratebay.se/torrent/6381501/Timothy_Sykes_Collection?","spam"
"Imprezzi Vidzz","2014-11-04T03:12:23","My videos are half way decent, check them out if you want.?","spam"
"khir abqari","2014-11-04T07:37:28","they said this video are not deserve 2billion views , while they keep  visiting it to watch the viewer . ?","ham"
"Gloria Garcia","2014-11-04T11:38:51","subscribe to itz recaps and above diddle?","spam"
"xSparkShark","2014-11-04T12:40:15","Screw this Chinese crap i dont even understand what he is saying. Why isn't  he speaking English like everyone should??","ham"
"Emerson Zanol Zanol","2014-11-04T13:48:04","need money?Enjoy https://www.tsu.co/emerson_zanol?","spam"
"Lars Zaadstra","2014-11-04T13:54:25","Sub to my channel visuelgamingzNL I sub back?","spam"
"firo mota","2014-11-04T14:38:42","please subscribe i am a new youtuber and need help please subscribe and i  will subscribe back :D hoppa HOPPA GaNgAm StYlE?","spam"
"Connor Groom","2014-11-04T18:00:07","sub me if you dont like the song?","spam"
"Kaiser Dragon","2014-11-04T18:09:18","This is a weird video.?","ham"
"Monster Sifou","2014-11-04T18:30:39","8 million likes xD even the subscribers not 8 million xD?","ham"
"TIGERIO_","2014-11-04T19:46:38","EHI GUYS CAN YOU SUBSCRIBE IN MY CHANNEL? I AM A NEW YOUTUBER AND I PLAY  MINECRAFT THANKS GUYS!... SUBSCRIBE!?","spam"
"OFFICIAL LEXIS","2014-11-04T20:22:21","Hi everyone! Do you like music? Then why not check out my music channel.  The LEXIS band will be uploading their own songs and covers soon so don't  miss out. Please SUBSCRIBE too as it does help us out a lot. Just takes one  click. -&gt;?","spam"
"trespasser4000","2014-11-04T22:07:22","This song never gets old love it.?","ham"
"Pat M","2014-11-05T00:21:29","gofundme.com/grwmps?","spam"
"Malin Linford","2014-11-05T01:13:43","Hey guys please check out my new Google+ page it has many funny pictures,  FunnyTortsPics  https://plus.google.com/112720997191206369631/post?","spam"
"Gaming Land","2014-11-05T07:48:10","5 milions comentars and 2 bilion views?","ham"
"tom hawksbee","2014-11-05T07:49:21","It is 0 zero?","ham"
"Norman Reid","2014-11-05T08:12:06","Mix - PSY - GANGNAM STYLE (?????) M/V: PSY - GANGNAM STYLE (?????) M/V?","ham"
"Emily Hamilton","2014-11-05T08:42:06","This has had over 2 billion views.  Holy shit.?","ham"
"rolle54100","2014-11-05T10:43:27","how can there be 2.124.821.694 views, when im the only person alive after  the zombie apocalypse - greetings, spoderman :)?","ham"
"MrBrunoExtreme","2014-11-05T15:10:43","Suscribe my channel please?","spam"
"xMasterGGx","2014-11-05T15:25:34","2,124923004 wiews... wow?","ham"
"pro stomper","2014-11-05T15:27:34","guys please subscribe me to help my channel grow please guys?","spam"
"Abdinasir Omar","2014-11-05T15:28:28","Great music anyway?","ham"
"Aleksaivan Neidert","2014-11-05T15:35:49","PSY - GANGNAM STYLE (?????) M/V: http://youtu.be/9bZkp7q19f0?","ham"
"Luat ha hpuoc","2014-11-05T15:38:10","so crazy, over 2 billion views, not US, not Uk, its Korea republic, its  asia?","ham"
"abdellah chafouai","2014-11-05T16:12:51","Discover a beautiful song of A young Moroccan     http://www.linkbucks.com/AcN2g?","spam"
"Brotha B","2014-11-05T16:18:58","Like getting Gift cards..but hate spending the cash.... Try Juno Wallet !!! At Juno Wallet you can earn money for gift cards such as ; Nike, Gamestop,  Amazon , Ebay Etc &amp; its easy  Earn money by doing simple task like watching videos..downloading apps &amp;  you can even earn money by inviting your friends to join...its free for  signup Sign up today &amp; use promo code BD3721315?","spam"
"Amir effect","2014-11-05T17:18:14","Can somebody wake me up when we get to 3 billion views.?","ham"
"lakis constantinou","2014-11-05T18:02:31","PSY GOT LOTS  OF MONEY FROM YOUTUBE THAT HE GOT FROM 2 BILLION VIEWS THIS  IS THE MOST VIEWS IN THE WORLD :D?","ham"
"just a filthy kafir","2014-11-05T18:05:17","Justin bieber = gay ?","ham"
"M7AMDksa","2014-11-05T19:51:38","?? ?? ?? ?? ?????????","ham"
"Noah Fran?ois","2014-11-05T20:15:09","Ahhh, 2 years ago....?","ham"
"Neely Nesley","2014-11-05T20:19:26","Dance dance,,,,,Psy  http://www.reverbnation.com/msmarilynmiles?","spam"
"BmwManDexter","2014-11-05T20:33:15","check out starlitnightsky channel to see epic videos?","spam"
"KodysMan Dunt Know","2014-11-05T21:10:09","https://www.tsu.co/KodysMan plz ^^?","spam"
"nachopinca3901","2014-11-05T21:14:36","Stupid people... this video doesnt have 2 billion visits. Have 2 thousands  millions?","ham"
"Mehmet Demirel","2014-11-05T21:25:27","http://www.gcmforex.com/partners/aw.aspx?Task=JoinT2&amp;AffiliateID=9107?","spam"
"PacKmaN","2014-11-05T21:56:39","check men out i put allot of effort into my music but unfortunatly not many  watch it?","spam"
"Alessandro leite","2014-11-05T22:21:36","pls http://www10.vakinha.com.br/VaquinhaE.aspx?e=313327 help me get vip gun  cross fire al?","spam"
"TLouX music","2014-11-05T22:41:42","Add me here...https://www.facebook.com/TLouXmusic?","spam"
"Tyrek Sings","2014-11-05T22:50:02","CHECK MY CHANNEL OUT PLEASE. I DO SINGING COVERS?","spam"
"NursePoison","2014-11-06T01:12:14","I think this is now a place to promote channels in the comment section lol.?","ham"
"Peter Johnson","2014-11-06T01:44:12","Get free gift cards and pay pal money!?","spam"
"MiningBip3","2014-11-06T02:22:00","Check out pivot animations in my channel?","spam"
"Ju`Wan Wright","2014-11-06T02:39:07","Follow me on twitter &amp; IG : __killuminati94?","spam"
"CronicleFPS","2014-11-06T03:10:26","Check me out I'm all about gaming ?","spam"
"marye","2014-11-06T04:42:33","Oppa! Yeah! Best Song!?","ham"
"Giang Nguyen","2014-11-06T04:54:22","More... http://www.sunfrogshirts.com/Sunglass-World.html?24398?","spam"
"Giang Nguyen","2014-11-06T04:55:41","https://www.facebook.com/teeLaLaLa?","spam"
"MasterRobotTV","2014-11-06T05:40:43","http://www.twitch.tv/zxlightsoutxz?","spam"
"ROB YSF","2014-11-06T09:15:12","reminds me of this song https://soundcloud.com/popaegis/wrenn-almond-eyes?","spam"
"Rancy Gaming","2014-11-06T09:41:07","What free gift cards? Go here  http://www.swagbucks.com/p/register?rb=13017194?","spam"
"FatPocketsTv","2014-11-06T09:49:14","Search Chubbz Dinero - Ready Or Not  Thanks ?","spam"
"Holly","2014-11-06T13:41:30","Follow me on Twitter @mscalifornia95?","spam"
"unknown","2014-11-06T14:50:18","?????????????????????????????????????????????????????????  every single types of face on earth?","ham"
"thevlogmasters Vlog, Challenges en nog veel meer!","2014-11-06T15:28:54","??????????????????????? ＤＡＭＮ ＴＨＩＳ ＣＯＭＭＥＮＴ ＩＳ ＦＡＮＣY ????????????????????????","ham"
"Freddie Barton","2014-11-06T15:31:35","CHECK MY CHANNEL FOR MY NEW SONG 'STATIC'!! YOU'LL LOVE IT!!?","spam"
"Sean Ortiz","2014-11-06T16:48:02","Incmedia.org where the truth meets you.?","spam"
"ZodexHD","2014-11-06T17:50:59","look at my channel i make minecraft pe lets play ?","spam"
"Andr3wco7","2014-11-06T17:59:30","I found out this song now?","ham"
"michelle clough","2014-11-06T18:00:04","2 BILLION!!!?","ham"
"lebanonwarior1","2014-11-06T18:07:21","Song name???","ham"
"amine moha","2014-11-06T18:11:37","please like : http://www.bubblews.com/news/9277547-peace-and-brotherhood?","spam"
"PacKmaN","2014-11-06T18:23:21","hey again if you guys wouldnt mind chacking out my rap give it like and il  giver 3 of your vids a like?","spam"
"fad lad","2014-11-06T18:24:19","http://www.amazon.co.uk/gp/offer-listing/B00ECVF93G/sr=8-2/qid=1415297812/ref=olp_tab_refurbished?ie=UTF8&amp;condition=refurbished&amp;qid=1415297812&amp;sr=8-2 ?","spam"
"Digital Media Butterfly","2014-11-06T18:55:14","The most watched video on YouTube is Psy’s “Gangnam Style”, with 2.1  billion views. PSY - GANGNAM STYLE (?????) M/V?","ham"
"JackTheLad","2014-11-06T19:00:11","Subscribe to me and I'll subscribe back!!!?","spam"
"JoelR Ch","2014-11-06T19:28:25","http://flipagram.com/f/LUkA1QMrhF?","spam"
"OverSpace33","2014-11-06T19:40:59","For Christmas Song visit my channel! ;)?","spam"
"Detroit Red Wings","2014-11-06T20:55:09","http://www.gofundme.com/gvr7xg?","spam"
"DirtySouthFlorida3","2014-11-06T22:00:58","Subscribe to me i subscribe back!!!! Plus i have a nice ass lol?","spam"
"David Bo?ek","2014-11-06T22:40:49","https://www.change.org/p/facebook-twitter-youtube-do-not-censor-julien-blanc ?","spam"
"Jackal James","2014-11-06T22:53:08","https://soundcloud.com/jackal-and-james/wrap-up-the-night?","spam"
"Goran Theboss","2014-11-06T23:16:52","https://www.surveymonkey.com/s/CVHMKLT?","spam"
"YoungBrothersRecords","2014-11-06T23:22:32","Please give us a chance and check out the new music video on our channel!  You won't be disappointed.?","spam"
"Chinsoman Films","2014-11-07T01:22:02","Please subscribe to me?","spam"
"Moymoy Palaboy","2014-11-07T01:24:27","This is the best, funny and viral video of history (youtube) THE TRUE?","ham"
"Mason Sieverding","2014-11-07T01:50:10","Please check out my vidios?","spam"
"VIP 2NEXO","2014-11-07T02:02:02","OPPA GANGNAM STYLE!!!?","ham"
"Gaming 101","2014-11-07T04:13:47","The funny thing is, 1,700,000,000 of the views are spam bots. I mean c'mon  2 BILLION views? BS!?","ham"
"Chack Jason","2014-11-07T04:39:08","OPPA &lt;3?","ham"
"Kitts Hausman","2014-11-07T04:48:01","It's so funny it's awesomeness lol aaaaaaa sexy lada??","ham"
"TheInfectedDoge Gameplay","2014-11-07T05:04:28","most viewed video in the world?","ham"
"Warrdrew","2014-11-07T07:46:57","I'm here to check the views.. holy shit?","ham"
"Parssa Alimadad","2014-11-07T07:54:13","Dear person reading this, You are beautiful and loving Have a great day?","ham"
"Adrian Skalak","2014-11-07T08:19:37","http://www.ermail.pl/dolacz/V3VeYGIN CLICK  http://www.ermail.pl/dolacz/V3VeYGIN  http://www.ermail.pl/dolacz/V3VeYGIN  http://www.ermail.pl/dolacz/V3VeYGIN  http://www.ermail.pl/dolacz/V3VeYGIN  http://www.ermail.pl/dolacz/V3VeYGIN  http://www.ermail.pl/dolacz/V3VeYGIN?","spam"
"BeatBoxBaaa","2014-11-07T09:04:08","Have you tried a new social network TSU? This new social network has a  special thing.You can share the posts as well as on fb and twitter and even  to'll get paid You can registr here:  https://www.tsu.co/WORLDWIDE_LIFE?","spam"
"Cool Ong","2014-11-07T09:55:39","The Guy in the yellow suit kinda looks like Jae-suk ?","ham"
"Uro? Slemenjak","2014-11-07T12:08:13","People, here is a new network like FB...you register also free, the  difference is only that you get paid for sharing, commenting and liking  posts and so one...don't waste your time on fb for sharing and not being  paid!! Register here to make also money with your everyday posts!!  https://www.tsu.co/slema13 Wellcome to everyone! ;)?","spam"
"Adam Mudd","2014-11-07T12:16:08","How are there 2 billion views and theres only 2 million people in the  world!?!?!?!! MULTIPLE ACCOUNTS!!!1111?","ham"
"Cromwell John Pascual","2014-11-07T12:51:06","WAT DA FUCK THIS THE MOST VIEWED VIDEO IN YOUTUBE!?","ham"
"Starfire003","2014-11-07T12:58:57","OMG 2/7 People watched this video because there are 7 billion people in the  world and 2 billion watched this?","ham"
"Lindsay Wofford","2014-11-07T13:12:45","What is he saying?!?!?!?!?!?!?!?$? ?","ham"
"Romeo Sweeney","2014-11-07T13:33:12","this has so many views?","ham"
"Thanh Phong","2014-11-07T13:48:31","OMG over 2 billion views!?","ham"
"Callum Barr","2014-11-07T13:49:41","Subscribe to me plz plz plz plz plz plZ ?","spam"
"funtimekid1199","2014-11-07T14:11:41","http://www.twitch.tv/tareko100 Follow him on twitch and enter the keyword  !5800 and you'll have a chance of winning a really nice and expensive gun  for csgo that you can sell on the steam market?","spam"
"css403","2014-11-07T14:25:48","i am 2,126,492,636 viewer :D?","ham"
"Dovydas Baranauskas","2014-11-07T14:29:19","https://www.tsu.co/Aseris get money here !?","spam"
"???","2014-11-07T15:14:48","Fantastic!?","ham"
"sagar basnet","2014-11-07T15:31:25","The population of world is more than 7 billion?","ham"
"Vitor Belliny","2014-11-07T15:43:29","2.126.521.750  views!!!!!!!!!!!!!!!!!?","ham"
"Gianpaolo T","2014-11-07T15:58:09","Wow 23 min ago?","ham"
"josson 64","2014-11-07T15:58:57","SUPER!!! !!!!!!!!!!!!!!!!!!!!!!!!!!!!!!!!!!!!!!!!?","ham"
"Isuzu","2014-11-07T16:38:47","P E A C E  &amp;  L O V E  ! !?","ham"
"jayson calzado","2014-11-07T17:03:01","How can this music video get 2 billion views while im the only one watching  here on earth?????? lol?","ham"
"O sábio das 7 eras","2014-11-07T17:06:48","Please friend read my book and repass: http://www.4shared.com/web/preview/pdf/CjFofTxeba??","spam"
"Pro Video","2014-11-07T17:53:51","subscribe to me :) ?","spam"
"Vepi road to TIx","2014-11-07T17:54:36","Still the best. :D?","ham"
"Bert Dionne","2014-11-07T18:05:40","The most liked video on YouTube...?","ham"
"no honesty","2014-11-07T18:11:06","Still watching this 2 years later? ?","ham"
"LaunchPad Mad","2014-11-07T18:11:56","Hello! I'm kind of new to Youtube, And soon i'm soon going to be making  Launchpad Video's! :D I would really appreciate if i got some subs before i  started so that people can spot me easily! I dont really care about hate  comments so dont bother -_-?","spam"
"Aj Riberal","2014-11-07T18:52:29","Lol...I dunno how this joke gets a lot of likes, but whatever. xD?","ham"
"SRK FAN","2014-11-07T19:18:25","2 Billion Views For This Piece Of Shit... ~ A R E ~ Y O U ~ K I D D I N G ~ M E ~?","ham"
"Ben Stalker","2014-11-07T19:27:45","GANGMAN STY- *D-D-D-D-D-D--DROP THE BASS!!*?","ham"
"xxxTheMikeTxxx","2014-11-07T19:33:03","Will this song ever reach 7 Billion Views??","ham"
"Kemal Kurtoglu","2014-11-07T19:33:46","Im a RAPPER/SONGWRITER, check my video PLEASE..also subscribe for more  thanks :) tell me what you think.?","spam"
"ahmed khalifa","2014-11-07T19:45:26","Hello all 29.24% earth population of the world, hope your having a great  day :)?","ham"
"Adele Lupei","2014-11-07T19:47:06","Is this the video that started the whole got my dick stuck in an elevator  excuse thing? ?","ham"
"Daniel Istrati","2014-11-07T19:47:16","Can anyone sub to my channel? :D?","spam"
"Stronzo Chicheritr","2014-11-07T20:01:15","prehistoric song..has been?","ham"
"none dies virgin life fucks us all","2014-11-07T20:05:35","You think you're smart?        Headbutt your face.?","ham"
"JakeFrostMiner Palanca","2014-11-07T20:12:11","DISLIKE.. Now one knows REAL music - ex. Enimen ?","ham"
"Tee Tee","2014-11-07T20:16:51","Loool nice song funny how no one understands (me) and we love it?","ham"
"Oopsthenameistoolong Oh well","2014-11-07T20:18:19","Like if you came here too see how many views this song has.?","ham"
"witsnow roxiie","2014-11-07T20:45:32","We pray for you Little Psy ??","ham"
"johan gade","2014-11-07T21:06:36","''Little Psy, only 5 months left.. Tumor in the head :( WE WILL MISS U &lt;3?","ham"
"2666playboy","2014-11-07T21:39:21"," Follow me on Instagram. _chris_cz  ?","spam"
"Melissa Harmon","2014-11-07T22:01:04","how is this shit still relevant ?","ham"
"Eddie Murphy","2014-11-07T22:19:03","LOL this shit never gets old?","ham"
"Alucard Hellsing","2014-11-07T22:21:29","What Can i say....This Song He Just Change The World Completely... So good job PSY... (and your girls are awesome :))) )?","ham"
"John Plaatt","2014-11-07T22:22:29","On 0:02 u can see the camera man on his glasses....?","ham"
"YOU ARE NOW WASTING SECONDS OF YOUR LIFE BY READING THIS LONG STUPID NAME WHICH MAKES NO SENSE!","2014-11-07T22:41:04","this comment is wrong?","ham"
"juanmanuel cespedes","2014-11-07T22:59:13","i hate this music. fucking singer and every koean chainise ana US sucks me dick.?","ham"
"Kirill Nazarethian","2014-11-07T22:59:37","2:05. Hahahahah ?","ham"
"King uzzy","2014-11-07T23:19:08","Can we reach 3 billion views by December 2014? ?","ham"
"Gio D.","2014-11-07T23:23:54","Dumb Guy: Why is there 2 billion views when there are 7 million people on  earth??? Also, I know what 1+1 equals! 1+1=1! I am a smartie pants?","ham"
"anthony Jennings","2014-11-07T23:26:04","People Who Say That This Song Is Too Old Now, There's No Point Of  Listening To It Suck. Just Stfu And Enjoy The Music. So, Your Mom Is Old  Too But You Still Listen To Her Right?....?","ham"
"TheLegitBroz","2014-11-08T00:26:35","The Funny Thing Is That this song was made in 2009 but it took 2 years to  get to america.?","ham"
"mindaugux","2014-11-08T00:36:31","why I dont see any comments but mine?:/?","ham"
"Bert Ernie","2014-11-08T00:45:40","this jap is such a piece of shit. he is such a worthless fish head. i dont  know how any one likes this dumb untanlted gook. this isnt even fucken  music. this is so fucking sad that this is even such thing. people are so  fucked up.?","ham"
"Tabby Ghani","2014-11-08T01:28:58","I remember when everyone was obsessed with Gangnam Style ??","ham"
"UKz DoleSnacher","2014-11-08T02:18:42","Remove This video its wank?","ham"
"JD COKE","2014-11-08T02:24:02","It's so hard, sad :( iThat little child Actor HWANG MINOO dancing very  active child is suffering from brain tumor, only 6 month left for him .Hard  to believe .. Keep praying everyone for our future superstar.  #StrongLittlePsY #Fighting  SHARE EVERYONE PRAYING FOR HIM http://ygunited.com/2014/11/08/little-psy-from-the-has-brain-tumor-6-months-left-to-live/ ?","spam"
"Joaco Remis","2014-11-08T02:29:17","Why the fuck this keeps updated? Comments :5 minutes ago Song: 2 years and  4 months ago?","ham"
"TheRogueScorpion","2014-11-08T02:45:12","MANY MEMORIES...........?","ham"
"John Schmidt","2014-11-08T02:58:48","why are they 5million comments when there is only 279.898 youtube Users.   5million fake account or PSY hacked youtube?","ham"
"Sean Deko","2014-11-08T03:08:58","2,000,000,000 out of 7,000,000,000 people in the would saw this video just  in 2 years and yeat i only get 2 words out of the hole song?","ham"
"Nikolay Tekuchev","2014-11-08T03:09:11","This video is so cool, again and again!?","ham"
"PinkyThePuppyProductions","2014-11-08T03:11:40","I am now going to voyage to the first comment...      Tell my family I loved them. ??","ham"
"Sev3617","2014-11-08T03:15:09","How did THIS Video in all of YouTube get this many views and likes? Why  Gangnam style? I don't have a problem with it, i just don't understand the  phenomena behind it, it's just like any other random music video out  there. ?","ham"
"Gema LR","2014-11-08T03:26:51","With the korean girl more slut and bitch : Hyuna :'33?","ham"
"Dana Matich","2014-11-08T03:32:55","Hey guys! Check this out: Kollektivet - Don't be slappin' my penis!  I  think that they deserve much more credit than they receive.?","spam"
"Angela Flemming","2014-11-08T03:46:33","Still a very fun music video to watch! ?","ham"
"itzquiffer","2014-11-08T03:47:23","C'mon 3 billion views!!!!!!!!?","ham"
"The Bibliophile Flautist","2014-11-08T03:49:38","Hey everyone, I am a new channel and will post videos of book reviews and  music on the flute. Please subscribe if you would enjoy that. Thanks!?","spam"
"Wilfredo Latorre","2014-11-08T04:02:29","Hey I think I know what where dealing with here!!!! I have some theories of  how this could've gotten 2billion hits!! 1. This was mabey made in korea and its realy popular there so they were  stuck watching this over and over again. 2. Over 2billion people have access to the Internet, including youtube, and  the numbers are rising, by 2017 half of the populatoin will be connected. 3. Hackers In Korea may have loved it so much they rised it to 2billion  hits to make it more popular.  4. The song was featured in a just dance game, on multiple mp3s, and been  seen on concerts and even on new years eve event in 2012, so just by seeing  those you mabey adding more hits to this video. 5. You are complaining to much on how the heck this has 2b hits.?","ham"
"Tornike Noniashvili","2014-11-08T04:08:09","subscribe my chanel?","spam"
"Diana Roque","2014-11-08T04:43:22","THIS HAS MORE VIEWS THAN QUEEN AND MICHAEL JACKSON, 2 BILLION views omg?","ham"
"bruno jovao","2014-11-08T04:51:38","LoL?","ham"
"Spencer Clark","2014-11-08T05:29:26","If you pause at 1:39 at the last millisecond you can see that that chick is  about to laugh. Takes a few tries.?","ham"
"Haley Harmicar","2014-11-08T05:35:42","9 year olds be like, 'How does this have 2 billion views when there are  only 3 people in the world'?","ham"
"Kincaid Liebenberg","2014-11-08T05:36:38","PSY is a good guy?","ham"
"CHILD","2014-11-08T05:46:31","WHY DOES THIS HAVE 2 BILLION VIEWS THIS SONG IS SO ANNOYING?","ham"
"CustomerService GM","2014-11-08T05:52:30","https://www.facebook.com/pages/Mathster-WP/1495323920744243?ref=hl?","spam"
"sahil samal","2014-11-08T06:28:01","1 millioon dislikesssssssssssssssssssssssssssssssss.............?","ham"
"Doris Chew","2014-11-08T06:29:16","The little PSY is suffering Brain Tumor and only has 6 more months to live.  Please pray to him and the best lucks.?","ham"
"hunter braddock","2014-11-08T06:36:41","For all of the little kidz out there there is Like 7 to 8 Billon people on  earth NOT 7 to 8 MILLON.Get you facts straight before posting comments.?","ham"
"Arrestme11","2014-11-08T06:50:39","How stupid humanity is?","ham"
"The O'dowd Crowd","2014-11-08T06:53:38","Come and watch my video it is called the odowd crowd zombie movie part 1 ?","spam"
"FaceTheFacts","2014-11-08T07:07:44","You know a song sucks dick when you need to use google translate to know  what the fuck its saying!?","ham"
"x Judda","2014-11-08T07:19:29","We get it, you came here for the views... ?","ham"
"Kelsey bolley","2014-11-08T07:25:39","Wow this video is the most viewed youtube video.. second that comes Justin  bieber- baby SMH WHAT HAS THE WORLD COME TO?","ham"
"Markus Mairhofer","2014-11-08T08:49:47","Hey, join me on tsū, a publishing platform where I share my content now:  http://tsu.co/MarkusMairhofer?","spam"
"Wert Walleet","2014-11-08T09:15:22","This song is great there are 2,127,315,950 views wow?","ham"
"Hollz C","2014-11-08T09:17:52","I'm watching this in 2014?","ham"
"The Silhouette","2014-11-08T09:25:51","Most viewed video on youtube...daaaaaaaaaaannng those views can almost  dominate the entire...china...?","ham"
"Agarra Mela","2014-11-08T09:32:14","how does this video have 2,127,322,484 views if there are only 7 million  people on earth??","ham"
"Tedi Foto","2014-11-08T09:33:30","What my gangnam style?","ham"
"StarBlade34 OverLord","2014-11-08T09:34:57","Lol this youtuber (officialpsy) is getting so much money lol?","ham"
"Super Cot","2014-11-08T09:39:28","1 million dislikes!EPIC FAIL(ready for you fanboys)?","ham"
"restlesswikiinfo","2014-11-08T10:03:32","If I knew Korean, this would be even funnier. At least a bit at the end was  in English, but was spoken quite rapidly.?","ham"
"Susan Jay","2014-11-08T10:04:22","Enough with the whole how does this have two billion views if there's only  7 million on the planet we get it. You're joking. It's not funny anymore.?","ham"
"diego acosta","2014-11-08T10:05:27","If I get 100 subscribers, I will summon Freddy Mercury's ghost to whipe  from the face of earth One Direction and Miley Cirus.?","spam"
"Harrys Edits","2014-11-08T10:05:40","if i reach 100 subscribers i will go round in public pouring a bucket of  ice water over people and then running away acting like it wasn't me! like  so people can see!!?","spam"
"piwnugget","2014-11-08T10:12:42","YOUTUBE MONEY !!!!!!!!!!!!!!!!!!!!!!!?","ham"
"ThoseFour KidsYaay","2014-11-08T10:14:47","2 billion for this shit??","ham"
"Mia Aspinall","2014-11-08T10:30:35","2 billion views, only 2 million shares?","ham"
"DylsFS","2014-11-08T10:40:00","Hi guys my name is Dylan and I do IRL football videos I have 1030  subscribers and I think you guys would like my content so come check it out  and if you do subscribe!?","spam"
"nobleMC | Minecraft, GFX and More!","2014-11-08T10:48:41","If I get 300 subscribers by tomorrow I'll do a epic Hunger Games Video! ?","spam"
"zakaia ziko","2014-11-08T11:00:19","follower please https://www.facebook.com/lists/161620527267482?","spam"
"Praise Samuel","2014-11-08T11:10:30","2 billion views wow not even baby by justin beibs has that much he doesn't  deserve a capitalized name?","ham"
"nathan robson","2014-11-08T11:20:48","If i reach 100 subscribers i will tazz my self and my friend?","spam"
"Navin Surya","2014-11-08T11:42:57","Please help me go to college guys! Thanks from the bottom of my heart.  https://www.indiegogo.com/projects/i-want-to-go-to-college--19/x/9082175?","spam"
"Bishwaroop Bhattacharjee","2014-11-08T12:34:11","https://www.facebook.com/SchoolGeniusNITS/photos/ms.c.eJw9kVkOxDAMQm808h5z~;4sNjqP~_tHqBEuM69AQUp1Ih~_fPHgk5zLLsVdQv0ZUf0MB~;LnUJ~;ufTH4YoKfRxYts2zvrrp6qGtw67y~;L551h~;f7~_vlcZzRG8vGCTlPSD9ONGeWhj8~_GIbu~;S3lzMvY~;IQ2~;TwSfzz9WHn7JUSvHufpglQRZczl05fNPhaGeVb3x8yDmC6X~_~;jTcjnMho~;vfXWCjZyvWObihrnGx2ocjnG2PG1EvHXzyjD~_o3h~_RY6f57sPrnD2xV~;~_BzszZ~;8~-.bps.a.390875584405933/391725794320912/?type=1&amp;theater ?","spam"
"Liu Chu Yi","2014-11-08T13:12:10","I am so awesome and smart!!! Sucscribe to me!?","spam"
"iKap Taz","2014-11-08T13:34:27","Follow 4 Follow                           @ VaahidMustafic Like 4 Like ?","spam"
"Serkan Kaya","2014-11-08T15:27:27","http://hackfbaccountlive.com/?ref=4436607  psy news off?cal ?","spam"
"Bizzle Sperq","2014-11-08T15:29:46","https://www.facebook.com/nicushorbboy add mee &lt;3 &lt;3?","spam"
"Elieo Cardiopulmonary","2014-11-08T15:29:52","im sorry for the spam but My name is Jenny. I go to high school where  everyone dresses fashionable but for me I don't because i need money to buy  cute clothes. I have low self esteem . I live with my dad. my mom passed  away when i was 6 so i don't really have a mother figure. I have 2 brothers  who is older than me. Since they are boys they get the attention while i  just be alone. I really want to wear pretty clothes like the girls in my  school and get a boyfriend. i just can't be my self. im very quite and shy  at school because i don't have the confidence in myself to talk to someone.  i did have one friend name Caroline but she moved away so now im alone. if  you could donate some money to me it would be great. i don't care about  expensive brand ill just shop at walmart because they have pretty clothes.  also i wanna get my nails done at a salon . i see alot of girls have these  french tips. i never had my nail did at a salon before i will really  appreciate if i can and get my hair curled too. http://www.gofundme.com/dressprettyonce thanks omg please.?","spam"
"Luna Gamer Potter","2014-11-09T02:42:40"," I hate this song! ?","ham"
"Thomas sea","2014-11-09T04:49:20","please throw a sub on my channel?","spam"
"This Is Really Not Lois Arceo","2014-11-10T13:25:27","NEW GOAL!   3,000,000!  Let's go for it!?","ham"
"Niggly Wiggly","2014-11-10T17:39:10","Go to my channel if u want to see a fly getting burned alive?","spam"
"DropItLikeItsSloth","2014-11-11T19:38:11","just came here to check the views :P?","ham"
"Itss Synco","2014-11-11T22:37:23","COME AND CHECK OUT MY NEW YOUTUBE CHHANEL, GOING TO BE POSTING DAILY!?","spam"
"Puppy Lover5614","2014-11-11T22:48:11","I hav absolutely no idea what he's saying. Is it even a language??","ham"
"Mason Sieverding","2014-11-12T00:52:51","Please check out my vidios guys?","spam"
"Robin Delwiche","2014-11-12T01:37:07","I still to this day wonder why this video is so popular ?? illuminati  confirmed ???","ham"
"LBEProductions","2014-11-12T01:40:22","Hey guys can you check my channel out plz. I do mine craft videos. Let's  shoot for 20 subs?","spam"
"Thuan Lai Tran","2014-11-12T05:01:52","This is getting old.........?","ham"
"Aaa Aaa","2014-11-12T05:46:27","PLEASE SUBSCRIBE ME!!!!!!!!!!!!!!!!!!!!!!!!!!!!!!!!!!!!!!!!!!!!!!!!!!!!?","spam"
"BIGMOFO Tonkatruck","2014-11-12T06:26:42","just came to check the view count?","ham"
"Young IncoVEVO","2014-11-12T07:14:06","Check out my Music Videos! Fuego - U LA LA Remix  hyperurl.co/k6a5xt?","spam"
"Young IncoVEVO","2014-11-12T07:14:46","Check out my Music Videos! and PLEASE SUBSCRIBE!!!! Fuego - U LA LA Remix  hyperurl.co/k6a5xt?","spam"
"Viperas Lord","2014-11-12T09:20:12","www.marketglory.com/strategygame/lordviperas?","spam"
"Yabbamita DBH","2014-11-12T09:30:20","If the shitty Chinese Government didn't block YouTube over there, there'd  be close to 3 billion views right now. ?","ham"
"Muhd Hafiz","2014-11-12T09:30:31","WORLD RECORD YOUTUBE VIDEO VIEWS !!!!!! XD?","ham"
"Juris Dumagan","2014-11-12T11:03:25","I think he was drunk during this :) x)?","ham"
"Patrick Pernia","2014-11-12T14:17:28","Limit sun exposure while driving. Eliminate the hassle of having to swing  the car visor between the windshield and window.  https://www.kickstarter.com/projects/733634264/visortwin?","spam"
"Jennifer Isaksen","2014-11-12T15:12:47","Hahah, juyk! I allways laugh at the part 1:57.. LOL!?","ham"
"Ripazha Gaming","2014-11-12T17:37:08","http://hackfbaccountlive.com/?ref=5242575?","spam"
"Arthur Teixeira","2014-11-12T20:12:47","I wanted to know the name of the guy that dances at 00:58, anybody knows ??","ham"
"derrick lawson","2014-11-12T20:21:27","https://www.facebook.com/FUDAIRYQUEEN?pnref=story?","spam"
"Yeung Marvin","2014-11-12T23:56:54","Haha its so funny to see the salt of westerners that top views of youtube  goes to video they dont even understand, keep the salt up!?","ham"
"Stuart Mcdonald","2014-11-13T00:38:14","FOLLOW MY COMPANY ON TWITTER  thanks.  https://twitter.com/TheWaxedHatCo?","spam"
"Caius Ballad","2014-11-13T00:58:20","imagine if this guy put adsense on with all these views... u could pay ur  morgage?","ham"
"Ink Video Shorts","2014-11-13T02:33:53","Hey come check us out were new on youtube let us know what you think and  don't forget to subscribe thanks.?","spam"
"Sigaraya Nesora","2014-11-13T06:33:21","The girl in the train who was dancing, her outfit was so fucking sexy, but  the huge turn-off was she lacked eyebrows D:?","ham"
"Александр Федоров","2014-11-13T07:59:33","Look at the pictures, if not difficult http://image2you.ru/48051/1340524/        http://image2you.ru/48051/1340523/          http://image2you.ru/48051/1340522/ http://image2you.ru/48051/1340521/             http://image2you.ru/48051/1340520/       http://image2you.ru/48051/1340519/  http://image2you.ru/48051/1340518/            http://image2you.ru/48051/1340517/          http://image2you.ru/48051/1340504/ http://image2you.ru/48051/1340503/              http://image2you.ru/48051/1340502/            http://image2you.ru/48051/1340500/ http://image2you.ru/48051/1340499/        http://image2you.ru/48051/1340494/             http://image2you.ru/48051/1340493/ http://image2you.ru/48051/1340492/        http://image2you.ru/48051/1340491/           http://image2you.ru/48051/1340490/ http://image2you.ru/48051/1340489/             http://image2you.ru/48051/1340488/?","spam"
"ArioseRose","2014-11-13T15:20:31","Don't mind me, I'm just checking what the views are up to : )?","ham"
"The Silent Troll Defuser HD","2014-11-13T15:47:27","Hey guys can you check my YouTube channel I know you hate comments like  this one but I promise if you check my videos it will be entertaining I do  Shotgun Montages,Ninja Defuse Montages and Trolling please guys can you  check them out and thanks have a good day!!!!!!!?","spam"
"Tom Hosford","2014-11-13T17:42:06","To everyone joking about how he hacked to get 2 billion views because  there's a certain amount of people or whatever,  He actually did buy views.?","ham"
"Tofik Miedzyń","2014-11-13T21:48:26","https://www.facebook.com/tofikmiedzynB/photos/a.1496273723978022.1073741828.1496241863981208/1498561870415874/?type=1&amp;theater ?","spam"
"MrValentinique","2014-11-13T22:33:31","https://www.facebook.com/eeccon/posts/733949243353321?comment_id=734237113324534&amp;offset=0&amp;total_comments=74   please like frigea marius gabriel comment :D?","spam"
"Ghazi Rizvi","2014-11-13T23:02:09","http://www.bing.com/explore/rewards?PUBL=REFERAFRIEND&amp;CREA=RAW&amp;rrid=_0f9fa8aa-243a-5c2f-c349-ede05ea397ca Bing rewards, earn free money. AND NO U CANT GET UR VIRUS IN BLUE!?","spam"
"Anthony1SV","2014-11-14T00:01:37","Please do buy these new Christmas shirts! You can buy at any time before  December 4th and they are sold worldwide! Don't miss out:  http://teespring.com/treechristmas?","spam"
"Ameenk Chanel","2014-11-14T11:50:02","Free my apps get 1m crdits ! Just click on the link and download a app and  done!! · Link: https://m.freemyapps.com/share/url/5af506e1?","spam"
"Brandon Wilson","2014-11-14T12:21:52","Why does a song like this have more views than Michael Jackson SMH?","ham"
"Leonel Hernandez","2014-11-14T12:35:38"," Something to dance to, even if your sad JUST dance!!   PSY - GANGNAM STYLE (?????) M/V: http://youtu.be/9bZkp7q19f0?","ham"
"InterGaming","2014-11-14T13:16:24","everyones back lool this is almost 3 years old and people are still hear!  xD?","ham"
"Carmen Racasanu","2014-11-14T13:27:52","How can this have 2 billion views when there's only me on the planet? LOL?","ham"
"diego mogrovejo","2014-11-14T13:28:08","I don't now why I'm watching this in 2014?","ham"
"BlueYetiPlayz -Call Of Duty and More","2015-05-23T13:04:32","subscribe to me for call of duty vids and give aways Goal-100 subs?","spam"
"Photo Editor","2015-06-05T14:14:48","hi guys please my android photo editor download. thanks https://play.google.com/store/apps/details?id=com.butalabs.photo.editor?","spam"
"Ray Benich","2015-06-05T18:05:16","The first billion viewed this because they thought it was really cool, the  other billion and a half came to see how stupid the first billion were...?","ham"
